URL,https://www.digitalocean.com/,"Total Link",94,"External Link Count",16,"Internal Link Count",78,"DoFollow Count",75,"NoFollow Count",19
Links,Type,DoFollow/NoFollow
/blog/introducing-digitalocean-managed-mongodb/,Internal,nofollow
/blog/,Internal,dofollow
https://www.digitalocean.com/support/,Internal,nofollow
/company/contact/sales/,Internal,nofollow
/,Internal,dofollow
/legal/terms-of-service-agreement/,Internal,dofollow
/products/droplets/,Internal,dofollow
/products/kubernetes/,Internal,dofollow
/products/app-platform/,Internal,dofollow
/products/managed-databases-mongodb/,Internal,dofollow
/products/managed-databases-mysql/,Internal,dofollow
/products/managed-databases-postgresql/,Internal,dofollow
/products/managed-databases-redis/,Internal,dofollow
/products/block-storage/,Internal,dofollow
/products/spaces/,Internal,dofollow
/products/cloud-firewalls/,Internal,dofollow
/products/load-balancer/,Internal,dofollow
https://www.digitalocean.com/docs/networking/dns/,Internal,dofollow
https://www.digitalocean.com/docs/networking/private-networking/,Internal,dofollow
/products/marketplace/,Internal,dofollow
/products/,Internal,dofollow
/solutions/web-mobile-apps/,Internal,dofollow
/solutions/website-hosting/,Internal,dofollow
/solutions/streaming/,Internal,dofollow
/solutions/gaming/,Internal,dofollow
/solutions/big-data/,Internal,dofollow
/solutions/managed-services/,Internal,dofollow
/solutions/agency/,Internal,dofollow
/solutions/saas/,Internal,dofollow
/solutions/startups/,Internal,dofollow
/resources/cloud-performance-report/,Internal,dofollow
/trust/certification-reports/,Internal,dofollow
/trust/certification-reports/,Internal,dofollow
/products/support/,Internal,dofollow
/migrate/,Internal,dofollow
/about/,Internal,dofollow
/blog/,Internal,dofollow
/careers/,Internal,dofollow
/customers/,Internal,dofollow
/partners/,Internal,dofollow
/referral-program/,Internal,dofollow
/press/,Internal,nofollow
/legal/,Internal,dofollow
/trust/,Internal,dofollow
/products/,Internal,dofollow
/products/droplets/,Internal,dofollow
/products/kubernetes/,Internal,dofollow
/products/managed-databases/,Internal,dofollow
/products/spaces/,Internal,dofollow
/products/marketplace/,Internal,dofollow
/products/load-balancer/,Internal,dofollow
/products/block-storage/,Internal,dofollow
/products/tools-and-integrations/,Internal,dofollow
/pricing/,Internal,dofollow
https://www.digitalocean.com/docs/release-notes/,Internal,dofollow
https://www.digitalocean.com/community/tutorials/,Internal,dofollow
https://www.digitalocean.com/community/questions/,Internal,dofollow
https://www.digitalocean.com/community/pages/write-for-digitalocean,Internal,dofollow
/droplets-for-demos/,Internal,dofollow
/hatch/,Internal,dofollow
/research/,Internal,dofollow
/currents/,Internal,nofollow
/open-source/,Internal,nofollow
https://www.digitalocean.com/community/pages/code-of-conduct,Internal,dofollow
/solutions/web-mobile-apps/,Internal,dofollow
/solutions/website-hosting/,Internal,dofollow
/solutions/gaming-development/,Internal,dofollow
/solutions/streaming/,Internal,dofollow
/solutions/vpn/,Internal,dofollow
/solutions/startups/,Internal,dofollow
/solutions/saas/,Internal,dofollow
/solutions/agency/,Internal,dofollow
/solutions/managed-cloud-hosting/,Internal,dofollow
/solutions/big-data/,Internal,dofollow
/business/,Internal,dofollow
https://www.digitalocean.com/support/,Internal,dofollow
/company/contact/sales/,Internal,dofollow
/company/contact/#abuse,Internal,nofollow
https://docs.digitalocean.com,External,dofollow
https://investors.digitalocean.com/governance/executive-management/default.aspx,External,nofollow
https://investors.digitalocean.com/,External,dofollow
https://developers.digitalocean.com/documentation/,External,dofollow
https://docs.digitalocean.com/,External,dofollow
https://www.meetup.com/pro/digitalocean/?utm_source=do_www,External,nofollow
http://store.digitalocean.com/,External,nofollow
https://status.digitalocean.com/,External,nofollow
https://twitter.com/digitalocean,External,nofollow
https://www.facebook.com/DigitalOceanCloudHosting,External,nofollow
https://www.instagram.com/thedigitalocean/,External,nofollow
https://www.youtube.com/user/DigitalOceanVideos,External,nofollow
https://www.linkedin.com/company/digitalocean/,External,nofollow
https://dev.to/digitalocean,External,nofollow
https://www.glassdoor.com/Overview/Working-at-DigitalOcean-EI_IE823482.11,External,nofollow
https://www.builtinnyc.com/company/digitalocean,External,nofollow
